{"cameraMode":{"drawMode":0,"name":"Shaded","section":"Shading Mode"},"sceneLighting":true,"audioPlay":false,"sceneViewState":{"m_AlwaysRefresh":false,"showFog":true,"showSkybox":true,"showFlares":true,"showImageEffects":true,"showParticleSystems":true,"showVisualEffectGraphs":true,"m_FxEnabled":true},"in2DMode":false,"pivot":{"x":0.004315376281738281,"y":0.5479267835617065,"z":0.834284782409668},"rotation":{"x":-0.1552538275718689,"y":0.8447443246841431,"z":-0.3624514043331146,"w":-0.36184149980545046},"size":1.1011099815368653,"orthographic":false}